iso_timestamp,timestamp,lat,lon,value,extra,prev_distance,next_distance,movement
recorded_at,,,,altitude,posname,,,unknown
2025-05-27T21:35:34.304389,2025-05-27 20:55:19,46.5267202,6.6194825,557,,,438.65384107758126,static
2025-05-27T22:26:43.042678,2025-05-27 22:17:52,46.5242851,6.6239934,546,,438.65384107758126,486.6531429574942,static
2025-05-27T22:26:43.042678,2025-05-27 22:21:16,46.5272682,6.6193389,564,,486.6531429574942,215.34419006378116,static
2025-05-27T22:26:43.042678,2025-05-27 22:22:34,46.5286461,6.6213169,586,,215.34419006378116,373.05485103497,static
2025-05-27T22:26:43.042678,2025-05-27 22:23:08,46.5296643,6.6166704,571,,373.05485103497,300.1633785596378,static
2025-05-27T22:26:43.042678,2025-05-27 22:07:21,46.5276658,6.619308,574,,300.1633785596378,71.75807545761447,static
2025-05-27T22:42:52.331261,2025-05-27 22:36:41,46.5270427,6.6195521,564,,71.75807545761447,85.26583096581602,static
2025-05-27T22:42:52.331261,2025-05-27 22:39:30,46.5276254,6.6188276,564,,85.26583096581602,280.29341282393716,static
2025-05-27T23:04:14.529806,2025-05-27 22:49:36,46.5259075,6.6215088,564,,280.29341282393716,402.26257769154205,static
2025-05-27T23:04:14.529806,2025-05-27 22:58:40,46.5234201,6.6253266,544,,402.26257769154205,172.07615544215338,static
2025-05-27T23:04:14.529806,2025-05-27 22:58:54,46.5245425,6.6237782,557,,172.07615544215338,872.2710182625833,static
2025-05-27T23:25:23.887473,2025-05-27 23:08:56,46.5304237,6.616233,568,,872.2710182625833,921.5876526752955,static
2025-05-27T23:25:23.887473,2025-05-27 23:23:34,46.5241707,6.6241396,553,,921.5876526752955,505.3847103320986,static
2025-05-27T23:41:32.813653,2025-05-27 23:29:38,46.5271575,6.6191604,564,,505.3847103320986,200.69225232243838,static
2025-05-28T00:07:42.034655,2025-05-27 23:41:41,46.526074,6.6212584,558,,200.69225232243838,197.08439655746807,static
2025-05-28T00:07:42.034655,2025-05-27 23:42:55,46.5271771,6.619242,561,,197.08439655746807,260.05105557841085,static
2025-05-28T00:07:42.034655,2025-05-27 23:51:59,46.5257023,6.6218801,565,,260.05105557841085,169.0231558575717,static
2025-05-28T00:24:59.620919,2025-05-28 00:23:01,46.5267302,6.6202525,564,,169.0231558575717,76.88578841962155,static
2025-05-28T00:53:10.774517,2025-05-28 00:32:46,46.5272175,6.6195395,564,,76.88578841962155,361.4979697811236,static
2025-05-28T00:53:10.774517,2025-05-28 00:41:59,46.5277654,6.6241972,548,,361.4979697811236,518.971143999137,static
2025-05-28T03:45:58.311800,2025-05-28 02:31:03,46.5285497,6.6175099,565,,518.971143999137,198.89806985199795,static
2025-05-28T03:45:58.311800,2025-05-28 03:30:05,46.5272766,6.6193362,526,,198.89806985199795,196.02325324948958,static
2025-05-28T04:24:24.317639,2025-05-28 04:15:12,46.5289633,6.6185911,577,,196.02325324948958,808.796963717242,static
2025-05-28T04:53:41.759376,2025-05-28 04:41:51,46.5230496,6.6247463,470,,808.796963717242,618.9704543168884,static
2025-05-28T05:55:40.340253,2025-05-28 05:35:16,46.5271996,6.6193542,564,,618.9704543168884,1149.2172966406888,moving
2025-05-28T05:55:40.340253,2025-05-28 05:37:31,46.5207348,6.6310737,535,,1149.2172966406888,1011.90783135684,moving
2025-05-28T06:35:57.994980,2025-05-28 06:13:54,46.52655,6.6209002,572,,1011.90783135684,134.51250625303564,moving
2025-05-28T06:35:57.994980,2025-05-28 06:32:00,46.527261,6.6194777,564,,134.51250625303564,32.971059542987255,static
2025-05-28T07:01:07.313303,2025-05-28 06:43:27,46.5269804,6.6193384,564,,32.971059542987255,106.07506513303267,static
2025-05-28T07:01:07.313303,2025-05-28 06:49:18,46.5270686,6.6179578,549,,106.07506513303267,90.20125685547471,static
2025-05-28T07:01:07.313303,2025-05-28 06:53:24,46.5276039,6.6188437,564,,90.20125685547471,736.5637400247194,static
2025-05-28T07:01:07.313303,2025-05-28 06:53:32,46.5232747,6.6261306,544,,736.5637400247194,696.1106495049784,static
2025-05-28T07:17:16.474221,2025-05-28 07:06:12,46.5273801,6.6192615,564,,696.1106495049784,304.07145637325993,static
2025-05-28T07:33:25.783712,2025-05-28 07:23:13,46.5255323,6.6221914,544,,304.07145637325993,402.48557687690413,static
2025-05-28T07:33:25.783712,2025-05-28 07:32:22,46.5231833,6.6261939,545,,402.48557687690413,702.0203655892032,static
2025-05-28T07:48:34.804467,2025-05-28 07:38:04,46.527358,6.6193103,567,,702.0203655892032,13.268753338378215,static
2025-05-28T07:48:34.804467,2025-05-28 07:38:59,46.5272938,6.6194565,564,,13.268753338378215,138.00633909385718,static
2025-05-28T07:48:34.804467,2025-05-28 07:42:47,46.5270657,6.6212297,596,,138.00633909385718,220.94497693124404,static
2025-05-28T07:48:34.804467,2025-05-28 07:44:54,46.5277976,6.6185447,564,,220.94497693124404,473.1133129699383,static
2025-05-28T08:17:43.419464,2025-05-28 07:47:25,46.5239819,6.6212808,543,,473.1133129699383,494.71212053277713,static
2025-05-28T08:17:43.419464,2025-05-28 08:02:02,46.5284093,6.6206436,604,,494.71212053277713,171.7239988018404,static
2025-05-28T08:17:43.419464,2025-05-28 08:11:42,46.5278003,6.6185808,564,,171.7239988018404,184.04752211463415,static
2025-05-28T08:17:43.419464,2025-05-28 08:16:28,46.5266799,6.6203516,564,,184.04752211463415,302.6062418722768,static
2025-05-28T08:40:52.445551,2025-05-28 08:23:36,46.5247993,6.6232106,557,,302.6062418722768,438.33998864596856,static
2025-05-28T08:40:52.445551,2025-05-28 08:32:02,46.5275514,6.6191084,564,,438.33998864596856,48.22231612326013,static
2025-05-28T08:40:52.445551,2025-05-28 08:32:14,46.5272336,6.6195373,564,,48.22231612326013,165.21095183600997,static
2025-05-28T08:40:52.445551,2025-05-28 08:39:35,46.5262527,6.6211593,564,,165.21095183600997,187.8981301439881,static
2025-05-28T09:04:09.988820,2025-05-28 08:54:28,46.527324,6.6192599,563,,187.8981301439881,134.29613437262276,static
2025-05-28T09:04:09.988820,2025-05-28 08:57:56,46.5275113,6.6175257,549,,134.29613437262276,326.70161845758645,static
2025-05-28T09:04:09.988820,2025-05-28 08:59:18,46.5260568,6.6212361,566,,326.70161845758645,196.3330990149503,static
2025-05-28T09:04:09.988820,2025-05-28 09:01:36,46.527248,6.6193418,564,,196.3330990149503,437.8397378084221,static
2025-05-28T09:21:27.253123,2025-05-28 09:10:42,46.5291994,6.6243128,551,,437.8397378084221,456.4029849413147,static
2025-05-28T09:21:27.253123,2025-05-28 09:13:12,46.52764,6.6187942,564,,456.4029849413147,65.61103601626563,static
2025-05-28T09:21:27.253123,2025-05-28 09:15:12,46.5271478,6.6192672,561,,65.61103601626563,192.7942804289484,static
2025-05-28T09:49:36.732804,2025-05-28 09:34:54,46.5261166,6.6212931,563,,192.7942804289484,197.73543176004023,static
2025-05-28T09:49:36.732804,2025-05-28 09:38:13,46.5273227,6.6193938,582,,197.73543176004023,11.720473016761447,static
2025-05-28T09:49:36.732804,2025-05-28 09:40:44,46.5272564,6.6195129,564,,11.720473016761447,40.52211852682593,static
2025-05-28T09:49:36.732804,2025-05-28 09:48:21,46.5272018,6.6189892,564,,40.52211852682593,30.45157765714155,static
2025-05-28T10:06:46.237101,2025-05-28 09:55:53,46.5274579,6.6191302,564,,30.45157765714155,65.97923034119484,static
2025-05-28T10:34:55.844823,2025-05-28 10:23:07,46.5270478,6.6197535,564,,65.97923034119484,702.8316468729543,static
2025-05-28T10:34:55.844823,2025-05-28 10:23:47,46.5230713,6.6268943,545,,702.8316468729543,768.7153982708029,static
2025-05-28T10:34:55.844823,2025-05-28 10:23:54,46.5274446,6.6191125,575,,768.7153982708029,33.010769322148946,static
2025-05-28T10:34:55.844823,2025-05-28 10:25:35,46.5272674,6.6194587,564,,33.010769322148946,399.33893563934276,static
2025-05-28T13:13:34.024366,2025-05-28 13:10:16,46.5287865,6.6147287,550,,399.33893563934276,233.1678356188448,static
2025-05-28T13:13:34.024366,2025-05-28 13:10:33,46.5275827,6.6172243,549,,233.1678356188448,123.32389620566468,static
2025-05-28T13:13:34.024366,2025-05-28 13:10:34,46.5278656,6.6156656,545,,123.32389620566468,247.95631465386478,static
2025-05-28T13:13:34.024366,2025-05-28 13:10:47,46.5267504,6.6184723,552,,247.95631465386478,741.6720796146856,static
2025-05-28T13:13:34.024366,2025-05-28 12:55:12,46.5323612,6.6132299,0,,741.6720796146856,328.3271389424593,static
2025-05-28T13:36:43.756044,2025-05-28 13:24:51,46.5294495,6.6139428,549,,328.3271389424593,1977.5889577475916,moving
2025-05-28T13:36:43.756044,2025-05-28 13:25:15,46.5169127,6.6322765,506,,1977.5889577475916,29.23067806521407,moving
2025-05-28T13:36:43.756044,2025-05-28 13:27:56,46.5170018,6.6319171,504,,29.23067806521407,414.00928779507086,static
2025-05-28T13:36:43.756044,2025-05-28 13:30:17,46.5182467,6.6268178,506,,414.00928779507086,82.17000344610227,static
2025-05-28T13:36:43.756044,2025-05-28 13:21:59,46.517963,6.6278094,504,,82.17000344610227,394.2091281367782,static
2025-05-28T14:07:09.986102,2025-05-28 13:45:18,46.51656,6.6325407,500,,394.2091281367782,71.78038636800537,static
2025-05-28T14:07:09.986102,2025-05-28 13:45:42,46.5169831,6.6318322,505,,71.78038636800537,18.495216421891076,static
2025-05-28T14:07:09.986102,2025-05-28 13:58:15,46.5169139,6.632052,504,,18.495216421891076,75.22359722704967,static
2025-05-28T14:07:09.986102,2025-05-28 14:01:44,46.5165052,6.6328354,500,,75.22359722704967,202.49009854109434,static
2025-05-28T14:27:19.911413,2025-05-28 14:01:41,46.5174302,6.6305559,502,,202.49009854109434,201.0370839923883,static
2025-05-28T14:27:19.911413,2025-05-28 14:17:38,46.5167209,6.6329726,500,,201.0370839923883,7.841324113299798,static
2025-05-28T14:27:19.911413,2025-05-28 14:19:25,46.516736,6.6328725,500,,7.841324113299798,278.92348156127775,static
2025-05-28T14:50:45.671385,2025-05-28 14:29:16,46.5145381,6.6346292,505,,278.92348156127775,974.1200013230931,static
2025-05-28T15:15:54.762637,2025-05-28 14:33:06,46.5073304,6.6273939,441,,974.1200013230931,17059.618533386318,moving
2025-05-28T15:38:04.432604,2025-05-28 15:18:06,46.6516065,6.5514843,503,,17059.618533386318,172.86621736441847,moving
2025-05-28T15:38:04.432604,2025-05-28 15:26:22,46.6509798,6.5494117,450,,172.86621736441847,127.13148202896011,static
2025-05-28T15:38:04.432604,2025-05-28 15:33:07,46.651514,6.5508843,503,,127.13148202896011,17.622036300449086,static
2025-05-28T16:01:14.565612,2025-05-28 15:33:46,46.651523,6.5506538,503,,17.622036300449086,69.67106835412011,static
2025-05-28T16:01:14.565612,2025-05-28 15:58:18,46.6509997,6.5511558,503,,69.67106835412011,69.42741592800775,static
2025-05-28T16:22:33.040950,2025-05-28 16:05:03,46.6516131,6.550986,503,,69.42741592800775,24.082994074780533,static
2025-05-28T16:22:33.040950,2025-05-28 16:15:33,46.6513978,6.5509517,503,,24.082994074780533,36.198033246496955,static
2025-05-28T16:22:33.040950,2025-05-28 16:17:04,46.6515745,6.55135,503,,36.198033246496955,45.86133188041813,static
2025-05-28T16:39:50.641737,2025-05-28 16:30:38,46.6515654,6.5507493,503,,45.86133188041813,50.37538035991508,static
2025-05-28T16:39:50.641737,2025-05-28 16:34:04,46.6511167,6.5506582,503,,50.37538035991508,77.91286119745477,static
2025-05-28T17:45:44.015964,2025-05-28 17:32:57,46.6517518,6.5510894,503,,77.91286119745477,33.02941654412034,static
2025-05-28T18:04:02.570069,2025-05-28 18:00:18,46.6515549,6.5507654,503,,33.02941654412034,114.82829957673508,static
2025-05-28T18:04:02.570069,2025-05-28 18:02:18,46.6506083,6.5513667,503,,114.82829957673508,116.2118649516479,static
2025-05-28T18:33:12.303615,2025-05-28 18:05:24,46.6514491,6.5504624,506,,116.2118649516479,11.254207399847544,static
2025-05-28T18:33:12.303615,2025-05-28 18:27:23,46.6513509,6.5504267,506,,11.254207399847544,82.668961264482,static
2025-05-28T19:02:01.167778,2025-05-28 18:54:14,46.6516301,6.5514305,503,,82.668961264482,88.36866702878235,static
2025-05-28T19:02:01.167778,2025-05-28 18:54:49,46.6511455,6.5505129,498,,88.36866702878235,1882.1775233008254,moving
2025-05-28T19:02:01.167778,2025-05-28 18:58:45,46.6359769,6.5614549,568,,1882.1775233008254,1883.8192542306042,moving
2025-05-28T19:02:01.167778,2025-05-28 18:59:29,46.6513017,6.5509343,503,,1883.8192542306042,10.017117966053624,moving
2025-05-28T19:17:19.211450,2025-05-28 19:02:59,46.6512291,6.551012,503,,10.017117966053624,34.53721277301982,static
2025-05-28T19:17:19.211450,2025-05-28 19:09:54,46.6515194,6.5508511,503,,34.53721277301982,2617.8708062299092,moving
2025-05-28T19:17:19.211450,2025-05-28 19:15:27,46.6578404,6.5178108,521,,2617.8708062299092,2631.3826474784987,moving
2025-05-28T19:32:37.679386,2025-05-28 19:24:08,46.6515955,6.5510654,498,,2631.3826474784987,125.25887397126795,moving
2025-05-28T19:56:47.737644,2025-05-28 19:43:24,46.6504815,6.551309,503,,125.25887397126795,7.259634374025069,static
2025-05-28T19:56:47.737644,2025-05-28 19:45:24,46.6505435,6.5513388,503,,7.259634374025069,1.4890866529595166,static
2025-05-28T19:56:47.737644,2025-05-28 19:55:43,46.6505431,6.5513193,503,,1.4890866529595166,54.00372851170903,static
2025-05-28T20:15:57.513526,2025-05-28 19:56:45,46.6509265,6.550885,503,,54.00372851170903,47.413998404649746,static
2025-05-28T20:59:33.864259,2025-05-28 20:35:35,46.6505001,6.5508822,503,,47.413998404649746,12.251465215138552,static
2025-05-28T20:59:33.864259,2025-05-28 20:48:45,46.6505778,6.5507684,503,,12.251465215138552,7.033191924774579,static
2025-05-28T21:44:17.985821,2025-05-28 21:34:14,46.6505146,6.5507721,503,,7.033191924774579,102.63816937563048,static
2025-05-28T22:02:36.702169,2025-05-28 21:49:24,46.6513853,6.5503257,501,,102.63816937563048,117.32361144018157,static
2025-05-28T22:02:36.702169,2025-05-28 21:56:32,46.6506656,6.5514497,503,,117.32361144018157,3.650228538335915,static
2025-05-28T22:02:36.702169,2025-05-28 21:59:40,46.6506646,6.5514019,503,,3.650228538335915,14.902429840161977,static
2025-05-28T22:02:36.702169,2025-05-28 22:02:18,46.6507983,6.5514154,503,,14.902429840161977,32.92229754243108,static
2025-05-28T22:20:54.326847,2025-05-28 22:05:57,46.6510576,6.5516236,503,,32.92229754243108,98.13094310490953,static
2025-05-28T22:20:54.326847,2025-05-28 22:12:08,46.6505269,6.5505964,503,,98.13094310490953,13.658016245444134,static
2025-05-28T22:20:54.326847,2025-05-28 22:17:36,46.6504474,6.55046,503,,13.658016245444134,32.300935996667896,static
2025-05-28T22:20:54.326847,2025-05-28 22:19:54,46.6506277,6.5507918,503,,32.300935996667896,21.601744378579514,static
2025-05-28T22:46:03.996921,2025-05-28 22:32:42,46.6504476,6.5508979,503,,21.601744378579514,39.44818442095256,static
2025-05-28T22:46:03.996921,2025-05-28 22:42:41,46.6503846,6.5503893,503,,39.44818442095256,112.66936489220704,static
2025-05-28T22:46:03.996921,2025-05-28 22:44:21,46.6506499,6.5518139,503,,112.66936489220704,92.69161843932804,static
2025-05-28T23:15:30.680089,2025-05-28 22:42:04,46.6507189,6.5506037,503,,92.69161843932804,61.74034613495832,static
2025-05-28T23:15:30.680089,2025-05-28 23:06:44,46.6502458,6.5510271,503,,61.74034613495832,42.927137614584,static
2025-05-29T00:15:31.544363,2025-05-29 00:10:46,46.6503416,6.5504823,503,,42.927137614584,33.18384827375762,static
2025-05-29T00:15:31.544363,2025-05-29 00:14:45,46.6502162,6.5508768,503,,33.18384827375762,42.697323826241565,static
2025-05-29T00:41:57.605677,2025-05-29 00:04:21,46.6502703,6.550323,503,,42.697323826241565,75.73725675959699,static
2025-05-29T00:41:57.605677,2025-05-29 00:22:17,46.6497383,6.5509426,502,,75.73725675959699,23.98198377872206,static
2025-05-29T02:28:14.597548,2025-05-29 02:07:29,46.6496915,6.5512493,503,,23.98198377872206,90.55807256329334,static
2025-05-29T02:28:14.597548,2025-05-29 02:23:57,46.650329,6.550511,503,,90.55807256329334,11.036875830473363,static
2025-05-29T03:27:03.024885,2025-05-29 03:18:41,46.6502298,6.5505061,503,,11.036875830473363,69.49309793707212,static
2025-05-29T04:05:37.801654,2025-05-29 03:39:23,46.6497337,6.5510598,502,,69.49309793707212,41.04184884628303,static
2025-05-29T04:32:55.456949,2025-05-29 04:15:37,46.6496406,6.5505395,502,,41.04184884628303,16.64648726394694,static
2025-05-29T04:32:55.456949,2025-05-29 04:20:25,46.6497174,6.5503523,502,,16.64648726394694,14988.186978075808,moving
2025-05-30T09:34:24.073222,2025-05-30 09:12:33,46.5242761,6.6221297,548,,14988.186978075808,860.0839784197792,moving
2025-05-30T09:34:24.073222,2025-05-30 09:19:44,46.5315966,6.6184991,589,,860.0839784197792,64.07288923611355,static
2025-05-30T09:34:24.073222,2025-05-30 09:21:56,46.5310897,6.6188974,627,,64.07288923611355,86.80751576094448,static
2025-05-30T09:34:24.073222,2025-05-30 09:30:48,46.5317408,6.6195235,603,,86.80751576094448,137.4410586716053,static
2025-05-30T09:56:41.512015,2025-05-30 09:36:04,46.5306995,6.6185555,589,,137.4410586716053,151.1557347569107,static
2025-05-30T09:56:41.512015,2025-05-30 09:40:23,46.529439,6.6192953,584,,151.1557347569107,154.5036126430271,static
2025-05-30T09:56:41.512015,2025-05-30 09:44:14,46.5307346,6.6185655,589,,154.5036126430271,74.54843637099329,static
2025-05-30T10:21:50.209869,2025-05-30 09:43:15,46.5314026,6.6184826,589,,74.54843637099329,556.098704938981,static
2025-05-30T10:48:07.856137,2025-05-30 10:39:20,46.5360402,6.6157616,656,,556.098704938981,57.3715882832311,static
2025-05-30T11:03:17.044749,2025-05-30 10:48:11,46.5364578,6.6162021,638,,57.3715882832311,94.34129790593434,static
2025-05-30T11:24:26.382039,2025-05-30 11:01:39,46.5367664,6.6150532,626,,94.34129790593434,106.19799253894148,static
2025-05-30T11:48:35.874576,2025-05-30 11:29:12,46.5375767,6.6143183,626,,106.19799253894148,105.4986952500885,static
2025-05-30T11:48:35.874576,2025-05-30 11:33:02,46.5382376,6.6133287,622,,105.4986952500885,50.37367084548622,static
2025-05-30T11:48:35.874576,2025-05-30 11:40:38,46.5386903,6.6133039,621,,50.37367084548622,76.52530620081905,static
2025-05-30T11:48:35.874576,2025-05-30 11:45:33,46.5382266,6.6140432,627,,76.52530620081905,199.4242401314401,static
2025-05-30T12:11:45.966088,2025-05-30 12:03:54,46.5398279,6.612869,629,,199.4242401314401,248.6527656079003,static
2025-05-30T12:11:45.966088,2025-05-30 12:07:41,46.5377401,6.6140335,620,,248.6527656079003,399.0809464151712,static
2025-05-30T12:37:55.488929,2025-05-30 12:34:26,46.5410565,6.6120388,617,,399.0809464151712,64.54669868447517,static
2025-05-30T12:37:55.488929,2025-05-30 12:34:27,46.540674,6.6126736,623,,64.54669868447517,575.5604599778055,static
2025-05-30T12:37:55.488929,2025-05-30 12:36:50,46.5415513,6.62009,0,,575.5604599778055,601.1571169442549,static
2025-05-30T13:05:13.376832,2025-05-30 12:42:47,46.5407942,6.6123075,617,,601.1571169442549,810.2069010800386,static
2025-05-30T13:05:13.376832,2025-05-30 12:53:34,46.5343139,6.6171502,589,,810.2069010800386,453.20229299640886,static
2025-05-30T13:05:13.376832,2025-05-30 12:54:36,46.5379295,6.6144154,642,,453.20229299640886,885.193574215526,static
2025-05-30T13:24:31.570971,2025-05-30 13:14:51,46.5305995,6.6189298,589,,885.193574215526,919.6989288361262,static
2025-05-30T13:24:31.570971,2025-05-30 13:14:58,46.5383516,6.6231216,656,,919.6989288361262,920.8877236025664,static
2025-05-30T13:24:31.570971,2025-05-30 13:17:38,46.5307247,6.6184297,594,,920.8877236025664,43.332639708035856,static
2025-05-30T13:24:31.570971,2025-05-30 13:20:39,46.5303607,6.618632,589,,43.332639708035856,94.14101965531673,static
2025-05-30T13:43:50.720809,2025-05-30 13:30:54,46.5298264,6.6176774,575,,94.14101965531673,64.82769942165278,static
2025-05-30T13:43:50.720809,2025-05-30 13:32:11,46.529285,6.617363,569,,64.82769942165278,79.12639413180028,static
2025-05-30T13:43:50.720809,2025-05-30 13:32:54,46.5296159,6.6164473,566,,79.12639413180028,550.5880237161506,static
2025-05-30T13:43:50.720809,2025-05-30 13:38:29,46.5260111,6.6213813,564,,550.5880237161506,107.99482040811066,static
2025-05-30T14:11:00.392451,2025-05-30 13:55:41,46.5253853,6.6224608,563,,107.99482040811066,170.96619348957546,static
2025-05-30T14:11:00.392451,2025-05-30 13:58:55,46.5264072,6.6207911,564,,170.96619348957546,12.146289988906485,static
2025-05-30T14:11:00.392451,2025-05-30 13:59:14,46.5265137,6.6208264,567,,12.146289988906485,91.51976161603145,static
2025-05-30T14:11:00.392451,2025-05-30 14:04:59,46.5268801,6.6197552,564,,91.51976161603145,206.99607729832803,static
2025-05-30T14:57:37.860353,2025-05-30 14:57:11,46.5257979,6.6219567,567,,206.99607729832803,215.78552278498756,static
2025-05-30T15:20:26.861848,2025-05-30 15:01:18,46.5270578,6.6198114,584,,215.78552278498756,13.724689146639507,static
2025-05-30T15:20:26.861848,2025-05-30 15:02:12,46.5271203,6.6196567,564,,13.724689146639507,,static
